מתחרה;ישיר/עקיף;קטגוריה;הלקוח הראשי (מי משלם?);המשתמשים העיקריים;פלח יעד;הצגת המוצר (במשפט אחד);מנגנון אמון;חוזקות (2–3 נקודות);חולשות (2–3 נקודות);הצעת ערך ייחודית (USP);"תמחור (מודל + מחיר או ""לא פומבי"")";מקורות (קישורים + מקור + תאריך);רמת ביטחון
"**Bumble BFF** (מצב ""חברים"" באפליקציית Bumble)";עקיף;אפליקציית היכרות חברים פתוחה;צרכנים (מודל freemium, שדרוג פרימיום באפליקציה);צעירים עירוניים (20–35) המחפשים חברים חדשים בעיר;צעירים/ות בערים גדולות (לעיתים לאחר מעבר או סיום לימודים, מחפשים להרחיב מעגל חברים);מצב בפלטפורמת Bumble המאפשר למצוא חברויות חדשות דרך סווייפ הדדי – כמו באפליקציית דייטינג, אבל לקשר אפלטוני;"אימות פרופיל בתמונה + אופציה לאימות תעודה מזהה להבטחת זהות אמיתית; תכונות בטיחות מובנות (אפשרות שיחת וידאו/אודיו באפליקציה לפני מפגש, חסימה/דיווח) להגברת תחושת הביטחון";• קהילת משתמשים גדולה ופופולרית ביותר בערים רבות – קל יחסית למצוא התאמות במגוון אזורים<br>• ממשק סווייפ מוכר וקל לשימוש – חוויית משתמש מהנה (בדומה לטינדר) שמושכת להשתתף באופן פעיל<br>• כלי בטיחות ותיקים: אימות תמונה, אפשרות שיחת וידאו מראש, מותג מוכר עם דגש על יחס מכבד לנשים (מורשת Bumble);"• מפגשים אחד-על-אחד עם זרים גמורים – דורש יוזמה ואומץ מהמשתמש/ת, ולא תמיד מרגיש בטוח כמו קבוצה<br>• התאמה על סמך פרופיל קצר וסווייפ – עלול להוביל לאי-התאמות או נטייה לשיפוטיות שטחית; לעיתים שיחות מתמסמסות (תופעת ""גוסטינג"" נפוצה באפליקציות כאלה)<br>• לוקח זמן לבנות חברות אמיתית – משתמשים רבים נפגשים אך לא מפתחים קשר עמוק ללא התמדה, וחלקם מתוסכלים מחוסר רצינות או חוסר המשכיות של אחרים";פלטפורמת החברים הגדולה והנפוצה ביותר – מנצלת את בסיס המשתמשים והכלים של Bumble כדי לאפשר היכרות מהירה עם מגוון רחב של אנשים באזור, בשילוב תכונות בטיחות ייחודיות לדייטינג שגורמות למשתמשים להרגיש בנוח גם עבור חברות;"Freemium (שימוש בסיסי חינמי; מנוי Bumble Premium כולל תכונות מתקדמות, מחירים משתנים – למשל כ~$30 לחודש בארה""ב)";"(Insider Tech, 04/11/2023);  (Bumble Support, 2023)";גבוהה
**Hey! VINA** (היי וינה);עקיף;אפליקציית Friend-Matching לנשים בלבד;"צרכנים (חינמי; מונטיזציה דרך שותפויות ופרסום, לא דרך המשתמשת)";נשים צעירות (18–35) המעוניינות להכיר חברות חדשות;נשים בערים גדולות (לעיתים לאחר מעבר, התחלת עבודה חדשה או שינוי סטטוס, המחפשות חברות חדשות בעלות תחומי עניין דומים);אפליקציית סווייפ בסגנון טינדר המיועדת לנשים ומחברת בין משתמשות עם תחומי עניין ואישיות תואמים כדי לפתח חברות חדשה;"לנשים בלבד – קהילה סגורה למשתמשות, מה שמשרה ביטחון והרגשת נוחות; ההרשמה דרך Facebook לסינון ראשוני וחיבור דרך חברות משותפות; אלגוריתם התאמה שלוקח בחשבון תחביבים ונתוני אישיות מחידונים באפליקציה ליצירת התאמות איכותיות יותר";"• סביבה ידידותית ובטוחה לנשים – המשתמשות מתקשרות רק עם נשים אחרות, ללא הטרדות מגברים ובאווירה תומכת<br>• התאמה מעבר לתמונות בלבד – אלגוריתם שמשקלל תחומי עניין משותפים, חברות פייסבוק משותפות ושאלוני אישיות כדי למצוא חברות עם כימיה טובה, מה שמגדיל את סיכויי ההצלחה<br>• קהילה עם זהות מובהקת – ממותגת עבור “נשים מודרניות״; כוללת תוכן ופעילויות (החברה צמחה מתוך אירועי “Ladies Who Vino”), מה שיוצר תחושת שייכות לתנועה ולא רק לאפליקציה";"• מוגבלת לנשים – מייצרת בועה סגורה שלא מתאימה לגברים או למי שרוצה חברה מעורבת; קהל המשתמשות קטן יותר לעומת אפליקציות מעורבות ולכן בערים מסוימות ייתכן היצע דל<br>• דורשת כניסה עם חשבון Facebook ושיתוף מידע אישי (שאלונים) – חלק מהמשתמשות חוששות מפרטיות או לא רוצות לקשר לפייסבוק<br>• כמו כל אפליקציה פתוחה: עדיין ייתכנו התאמות לא מוצלחות או שיחות שלא מתפתחות – אין ערובה לכימיה, והמשתמשת צריכה יוזמה כדי להפוך התאמה וירטואלית לחברות ממשית";הפלטפורמה היחידה המוקדשת 100% לנשים שמחפשות חברות – מעניקה למשתמשות מרחב בטוח לגמרי להכיר נשים דומות להן, עם חוויית סווייפ מהנה וקהילה תומכת שמדברת בשפה ובצרכים שלהן;"חינמי (האפליקציה חופשית לשימוש; הכנסות החברה מגיעות מהשקעות ושת״פים, לא מדמי משתמשות. אין דמי מנוי, ייתכן פרסומות או תוכן ממומן)";"(TechCrunch, 26/01/2016);  (TechCrunch, 07/02/2018)";גבוהה
**Meetup** (מיוטאפ);עקיף;פלטפורמת אירועים וקהילות פתוחה;"מארגני קהילה (משלמים מנוי מארגן חודשי/שנתי); משתמשי קצה משתתפים בחינם";כלל הציבור – מבוגרים בכל הגילאים המעוניינים להיפגש סביב עניין משותף (תחביב, מקצוע, פעילות חברתית);קהל רחב ומגוון גלובלית – אנשים בערים בכל העולם המחפשים קבוצות פעילות בתחומי עניין שונים (מטכנולוגיה וספורט ועד שפות ואמנות), כולל רבים שעברו לעיר חדשה ורוצים להכיר חברים דרך פעילות;הפלטפורמה הגדולה בעולם למציאת ולהקמת קבוצות מקומיות – מאפשרת לכל אחד לארגן או להצטרף למפגשים חברתיים/מקצועיים בסביבתו לפי תחומי עניין, בלוח זמנים גמיש;"אמון מבוסס קהילה פתוחה: ללא אימות זהות פורמלי (רישום עם אימייל), אך כל קבוצה מנוהלת על-ידי מארגן שמסנן תוכן וחברים לפי הצורך; מפגשים לרוב נערכים במקומות ציבוריים בקבוצה גדולה, מה שיוצר סביבה טבעית ובטוחה יותר ממפגש אחד-על-אחד";"• קהילה עצומה ומגוונת ברחבי העולם – 49 מיליון חברים רשומים ב-193 מדינות, וכ-15,000 אירועים נערכים באמצעות הפלטפורמה בכל יום; כמעט בכל עניין או עיר ניתן למצוא קבוצה פעילה להצטרף אליה<br>• מפגשים פנים-אל-פנים מונחי עניין – מאפשר ליצור קשרים חברתיים דרך פעילות משותפת (טיול, סדנה, משחק וכו'), מה שמוריד את המתח שב""להכיר חבר חדש"" ומעודד אינטראקציות טבעיות ומתמשכות<br>• פלטפורמה ותיקה ואמינה – מעל 20 שנה של פעילות; בשימוש גם בחברות ובארגונים (Meetup Pro) לבניית קהילות מותג, עם ממשק משופר לאורך השנים וקהילת מארגנים מנוסים";"• לא בהכרח מייצר חברויות עמוקות – המפגשים הם קבוצתיים וחד-פעמיים לרוב, ולכן עלול להיות מאתגר להפוך היכרות באירוע לחברות אישית קרובה ללא יוזמה מתמשכת מצד המשתתף<br>• איכות החוויה משתנה מאוד – תלויה במארגן הקבוצה ובמשתתפים; יש קבוצות פעילות ומגובשות, לצד קבוצות רדומות או מפגשים מבוטלים. אין הבטחה לרמת ארגון או התאמה אישית בכל קבוצה<br>• אין סינון חברים משמעותי – כל אחד יכול להצטרף לאירוע, מה שעלול להביא גם לחיכוכים או חוסר התאמה בהתנהגות. האחריות לשמירת האווירה נופלת על המארגנים המתנדבים, ולא בכל קבוצה יש את המשאבים לכך";הפלטפורמה הרחבה, הגמישה והמוכחת ביותר לבניית חיי חברה סביב תחביבים ועניין – מאפשרת לכל אדם להיטמע בקלות בקהילה מקומית קיימת במקום חדש, במקום להתחיל מאפס. אין עוד שירות עם כיסוי גלובלי כזה של תחומי עניין ומפגשים, מה שהופך אותה לכלי שאין לו תחליף לחיפוש קהילה;"מנוי מארגן (Organizer Subscription): החל מכ~$16 לחודש עבור ניהול קבוצה (למשל ~$200 לשנה למנוי סטנדרטי למארגנים); ההצטרפות כחבר לקבוצות ואירועים היא בחינם (ייתכן תשלום סמלי למארגן/כרטיס לאירוע ספציפי)";"(PRNewswire – Meetup, 30/03/2020);  (Reuters, 30/03/2020)";גבוהה
**InterNations** (אינטרניישנס);עקיף;רשת קהילה ואירועים לאקספטים (חברות חלקית בתשלום);"צרכנים (מודל freemium – בסיס חינמי, חברות פרימיום בתשלום חודשי; הכנסות גם מכרטיסים לאירועים)";"גולים/אקספטים החיים ועובדים בחו""ל, וכן זרים מקומיים המחפשים אינטראקציה בינ""ל";עובדי רילוקיישן, דיפלומטים, סטודנטים זרים ובני/בנות זוגם – לרוב בגילאי 25–50, משכילים, בערים גדולות ברחבי העולם (420 קהילות פעילות);"הרשת הגדולה בעולם לאנשים שחיים בחו""ל – מספקת להם קהילה חברתית ותמיכה מעשית ב-420 ערים, עם אירועים חודשיים, קבוצות תחביב ומידע אונליין, כדי שירגישו בבית בכל מקום";"""קהילת אמון"" סגורה: ההצטרפות רק באישור הנהלת InterNations (סינון ראשוני של פרופילים למניעת דמויות לא רצויות); בכל עיר מובילים מקומיים (""שגרירים"" ו""קונסולים"" מתנדבים) מארגנים אירועים רשמיים ומפגשי קבוצה קטנים, משמשים כגורם מגשר ומנטרים את התנהלות הקהילה; קוד התנהגות אחיד שחברים מתחייבים אליו שומר על אווירה מכבדת";"• קהילה בינלאומית גדולה וממוקדת – למעלה מ-5 מיליון חברים ב-420 ערים בעולם, כולם חולקים חוויית חיים כזרים בחו""ל; מסגרת מושלמת למציאת חברים עם הבנה דומה של אתגרי רילוקיישן<br>• מערך אירועים ותכנים מובנה – אירוע חברתי רשמי גדול כל חודש בכל עיר (מפגשי Networking באווירה חגיגית) ועוד עשרות פעילויות קבוצתיות קטנות לפי תחביבים (טיולים, ארוחות, ספורט). בנוסף פורומים ומדריכים אונליין עשירים מספקים מידע מועיל על היעד<br>• מערכת תמיכה מבוססת מתנדבים נלהבים – ""שגרירי"" InterNations מקדמים פנים חדשות, עונים לשאלות ועוזרים לגשרים חברתיים בתוך הקהילה, מה שמקל על מצטרפים חדשים להתחבר ולא מרגישים לבד";"• חברות מלאה יקרה ומחויבת – גובה דמי חבר שנתיים (כ-$100+) עבור ""Albatross Membership"" פרימיום, עם חידוש אוטומטי וללא החזר אם מבטלים באמצע, דבר שגרר תלונות על שירות וכבילת לקוחות<br>• התמקדות בגולים בלבד – החברה מקלה ליצור ""בועת אקספטים"" במקום לשלב עם אוכלוסייה מקומית, כך שהחברים עשויים להישאר במעגל זרים ולא לפתח קשרים עם מקומיים במדינתם החדשה<br>• תדמית נפגעה בתקופת הקורונה – אירועים פיזיים בוטלו, ועדיין חויבו מנויים שנתיים ללא החזר; כמה חברים הביעו תחושת חוסר אכפתיות מצד החברה כלפי הקהילה שלהם";"הפתרון המקיף ביותר לגולים – מאפשר לעובד ברילוקיישן לקבל בחבילה אחת גם חברים חדשים, גם אירועים מהנים וגם מאגר ידע על היעד. כ""One-stop-shop"" לחיי חברה בחו""ל, InterNations ממלאת חלל שאף רשת אחרת לא מציעה בקנה המידה הגלובלי והמאורגן שלה";"Freemium (חברות בסיס חינמית עם גישה מוגבלת; חברות Albatross פרימיום ~$5–$8 לחודש – משתנה לפי מדינה ומשך מנוי, למשל €6.95 לחודש במנוי שנתי. כניסה לאירועים רשמיים: חינם לחברי פרימיום, בתשלום ($10–$20 לאירוע) לחברים חינמיים)";"(InterNations Factsheet, 12/2023);  (TechCrunch, 21/08/2020)";גבוהה
**Timeleft** (טיימלפט);עקיף;פורמט מפגשים אצור – ארוחות קבוצתיות קבועות;"צרכנים (משתתפים משלמים דמי השתתפות לכל ארוחה; ללא מעורבות מעסיק)";צעירים מקצוענים (בערך 23–40) בערים, המעוניינים להכיר אנשים חדשים מעבר למעגל העבודה/לימודים;צעירים בעיר גדולה ברחבי העולם (פעיל בכ-250 ערים ב-55 מדינות), בעלי עניין במפגשים חברתיים איכותיים בפורמט מובנה (למשל רווקים/ות, או לאחר מעבר לעיר חדשה, אוהבי לנסות מסעדות ולהכיר אנשים);אפליקציה שמארגנת ארוחת ערב עם 5 זרים בני אותו ראש אחת לשבוע בעיר שלך – אין סווייפ ואין לחץ, רק מפגש חברתי נינוח במסעדה עם חברים פוטנציאליים חדשים;"התאמה אנושית-אלגוריתמית: הפלטפורמה משבצת לקבוצת ארוחה (6 אנשים) לפי תחומי עניין, גיל ורקע משותף כדי לעודד שיחה זורמת; כל הארוחות מתקיימות במסעדות ציבוריות עם קבוצה קטנה – סביבה טבעית ובטוחה יותר ממפגשים פרטיים, והנוכחות של כמה אנשים מאזנת ומפחיתה מבוכה";"• פורמט אינטימי אך לא מלחיץ – מפגש בקבוצות קטנות (6 משתתפים) סביב שולחן אוכל, שמייצר אווירה נינוחה ואותנטית יותר להיכרות (בדומה לארוחה עם חברים) ולא מצב ""אחד-על-אחד"" מעיק<br>• קל ופשוט למשתמש – Timeleft דואגת לכל הלוגיסטיקה: משדכת את המשתתפים המתאימים ומזמינה מקום במסעדה, כך שהמשתתף רק נרשם ומגיע (חוסך את הצורך ליזום או לארגן מפגש בעצמו)<br>• כיסוי ערים גלובלי – פעילה כבר ביותר מ-250 ערים ב-55 מדינות, כך שגם אם עברת למדינה אחרת או מבקר בעיר חדשה, יש סיכוי טוב למצוא ארוחת Timeleft מקומית ולהכיר במהירות אנשים חדשים";"• לא חינמי – המשתתפים משלמים דמי השתתפות לכל ארוחה (בסביבות $8–$10 דמי ארגון למפגש, בנוסף לתשלום על האוכל עצמו), מה שעלול להרתיע חלק מהאנשים או להגביל תדירות השתתפות<br>• מפגש חד-פעמי – כל ""דייט חברים"" עומד בפני עצמו; אם לא נוצר קליק חזק בין חברי הקבוצה, ייתכן שלא תהיה המשכיות לאחר הערב. בניגוד לקבוצה מתמשכת, צריך יוזמה להמשיך לקשר עצמאי אחרי הארוחה<br>• לא תמיד יש כימיה – על אף ניסיונות השיבוץ לפי עניין, ייתכנו מפגשים שבהם השיחה פחות זורמת עקב פערי אישיות או תחביבים. ארוחה שלמה באווירה מעט מאולצת עלולה להרגיש כמו ערב מבוזבז אם הקבוצה אינה ""נדבקת""";"הדרך הקלה ביותר לייצר במהירות מעגל חברתי בעיר חדשה – בלי צ'אטים והתכתבויות ממושכות, Timeleft מציעה מפגש אנושי אמיתי מידי שבוע. זהו פתרון ""Plug & Play"" ייחודי שבו חברים פוטנציאליים פשוט מופיעים, אוכלים יחד ומכירים, במקום תהליכי התאמה וירטואליים מסורבלים";תשלום-למפגש (Pay-per-event): המשתתף משלם דמי השתתפות של ~$10 למפגש (בנוסף כל אחד משלם את חשבונו במסעדה). למשל, משתמשים דיווחו על גביית כ-$8–$10 דולר לארוחה עבור שירות השידוך וההזמנה. אין דמי מנוי חודשי (התשלום הוא לפי אירוע);"(Timeleft Website/App, 2023);  (Reddit, 2023)";בינונית
**Supermomos** (סופרמומוס – Super Diners Club);עקיף;פורמט מפגשים אצור – מועדון ארוחות לחברים בלבד;צרכנים (חברות מועדון בתשלום חודשי);צעירים מקצועיים, בעיקר בתחומי הטק/עסקים, המחפשים להרחיב מעגל חברים ורשת מקצועית בצורה איכותית;אנשי מקצוע בערים גדולות (כיום בעיקר ניו יורק וסינגפור) בגילאי 25–40, משכילים ופתוחים חברתית, המעוניינים במפגשים חברתיים מעוררי שיח עם אנשים ברמה דומה (לעיתים קרובות יזמים, משקיעים, מובילי דעה צעירים);מועדון ארוחות אקסקלוסיבי לחברים מאושרים בלבד – מחבר אנשים סקרנים ובעלי ראש פתוח לארוחות ערב מותאמות אישית (6 משתתפים) פעמיים בחודש, באווירה מוקפדת ומהנה;"חברות סגורה ומבוקרת: כל מצטרף עובר הגשת מועמדות ואישור, והחברים מזוהים בשמם האמיתי ועם פרופיל מקצועי (לרוב באמצעות לינקדאין) – מבטיח רמה ואמינות גבוהה בקהילה; התאמה אישית באמצעות AI וצוות אנושי – כל ארוחה מקבלת הרכב של ~6 אנשים עם תחומי עניין ומטרות דומים (חברות חדשה, נטוורקינג מקצועי וכו'), לשיחה טבעית ופורה";"• קהילה איכותית ומסוננת – כל החברים הם אנשי מקצוע מוכשרים שעברו אישור, כך שכל מפגש כולל משתתפים ברמה דומה ועם תחומי עניין משותפים, מה שמייצר נטוורקינג משמעותי וחברויות מבוססות מכנה משותף אמיתי<br>• חוויה מתוכננת ומיוחדת – ארוחות הערב בקבוצות של 6 בלבד, באווירה אינטימית שמאפשרת שיחה מעמיקה; יש גם אלמנט כיף של הפתעה (מקום המפגש נותר סודי עד כמה ימים לפני) ושאלות נושא להגברת העניין בשולחן<br>• ערך מקצועי בנוסף לחברתי – מעבר לידידים חדשים, המועדון מספק הזדמנות להרחיב את הרשת העסקית וללמוד מאחרים בענפים שונים. לעיתים יש גם אירועי תוכן ייחודיים (לדוגמה: טעימות קוקטיילים עם מומחה, מפגשי טק בכירים) שנותנים לחברים חוויות נוספות";"• זמינות מוגבלת גאוגרפית – כרגע הפעילות העיקרית היא בניו יורק (ובהיקף קטן בסינגפור); אינו רלוונטי למי שאינו נמצא בערים אלו. התרחבות לערים נוספות טרם הוכחה<br>• חברות בתשלום ומיון – דורש דמי מנוי חודשיים ($24.99) מצד המשתתף, ולא כל מגיש/ה מתקבל/ת; הסינון מבטיח איכות אך מצמצם מאוד את מספר המשתתפים הפוטנציאליים ואת הגיוון שלהם<br>• תדירות אירועים מוגבלת – מפגשי ארוחת הערב נערכים רק פעמיים בחודש לכל חבר, כך שאם מישהו מחפש יותר הזדמנויות מפגש או מידיות גבוהה, הוא עלול להתאכזב. כמו כן, חבר שפספס כמה מפגשים עלול לתהות על תמורה מול העלות";מועדון ארוחות ייחודי המשלב נטוורקינג מקצועי וחוויה חברתית מסוגננת – מאפשר לחברים לבנות מעגל חברתי-מקצועי מובחר באופן מובנה, עם מעטפת של סינון, תכנון ותוכן שאין באף פורמט אחר. זהו גשר בין מפגשי חברים לכנסים עסקיים: ארוחה נעימה עם אנשים חדשים, שתורמת גם חברתית וגם לקריירה;"מנוי חברות חודשי: $24.99 לחודש (ניתן לבטל בכל עת). המנוי כולל השתתפות בשתי ארוחות מ curated בחודש ללא עלות נוספת (פרט לתשלום עצמי על אוכל/שתייה). *מחיר בהשקה; עשוי לעלות בעתיד (חברי ההשקה נעולים במחיר נמוך)*";"(Supermomos, 2026);  (Supermomos, 2026)";גבוהה
**Soho House** (סוהו האוס);עקיף;מועדון חברים פרטי יוקרתי;"חברי המועדון (דמי חבר שנתיים גבוהים; לעיתים ממומנים ע""י המעסיק כהטבה, אך לרוב התשלום פרטי)";"אנשי מקצוע יצירתיים, אמנים, יזמי מדיה ואופנה, וקהל סלבס/אינפלוּאנסרס – בגילאי 27+ (יש הנחה עד 27); חברים המחפשים מרחב חברתי אקסקלוסיבי עם בני מעמד דומה";אנשי תעשיות יצירתיות ושוחרי תרבות בערים מרכזיות ברחבי העולם (לונדון, ניו יורק, לוס אנג'לס, וכו') – בעלי הכנסה גבוהה וטעם בלייפסטייל אופנתי, המעוניינים בסביבת מועדון פרטית לעבודה, בילוי וקשרים חברתיים;"רשת בינלאומית אקסקלוסיבית של מועדוני-חברים לעשייה יצירתית – חללי אירוח מעוצבים להפליא המשלבים עבודה, פנאי, תרבות וחיי חברה, המיועדים אך ורק לחברי קהילה נבחרים ויוצרים תחושת ""בית רחוק מהבית"" עבורם";"סינון וברירה קפדניים: ועדת קבלה בכל בית בוחרת את המצטרפים על בסיס קריטריונים סובייקטיביים של ""התאמה תרבותית"" (מעדיפים אנשים יצירתיים/מגניבים, לא ""חליפות"" תאגידיות); רשימות המתנה ארוכות (עשרות אלפים) משמרות נדירות. יש קוד התנהגות פנימי (למשל איסור צילום לזיהוי אנשים, “No assholes rule”) היוצר סביבה בטוחה ופרטית לסלבריטאים ואנשי ציבור";"• יוקרה, סטטוס ושייכות – חברות בסוהו האוס מספקת סטטוס נחשק ומכניסה את החבר לקהילה אקסקלוסיבית של אנשי יצירה ומשפיענים. המועדונים מעוצבים בקפידה, עם מתקנים מפנקים (בריכות, מכוני כושר, ספא, מסעדות גורמה), כך שהחבר נהנה מסביבת ""סלון פרטי"" יוקרתית לפגישות, עבודה ובילוי<br>• רשת גלובלית ייחודית – 43 מועדוני Soho House בערים שונות בעולם מאפשרים לחבר לגשת לכל בית של הרשת במהלך נסיעותיו. הדבר יוצר ""בית שני"" בינלאומי, וחברי מועדונים ממדינות שונות יכולים לפגוש זה את זה באירועים חוצי-מועדונים<br>• תוכן תרבותי עשיר לקהילה – מאות אירועים ופעילויות בלעדיות לחברים מדי חודש (הקרנות סרטים, הופעות, הרצאות עם אמנים, מסיבות ועוד), מה שמעשיר את חיי החברה של החבר ויוצר הזדמנויות טבעיות ליצור קשרים חדשים עם אנשים מעניינים בתחומי התרבות והיצירה";"• מחיר חברות גבוה מאוד – דמי חבר שנתיים נעים סביב $2,000–$5,000 (תלוי בעיר ובסוג המנוי – מקומי או גלובלי), בנוסף לדמי רישום במקומות מסוימים. העלות הגבוהה הופכת את המועדון לנגיש רק לבעלי הכנסה גבוהה יחסית<br>• תהליך קבלה נוקשה וארוך – רשימת המתנה של מעל 100,000 מועמדים; ועדת חברים שמחליטה על סמך ""ג׳נאס א קווא"" (כישרון יצירתי/אישיות). רבים נדחים מסיבות לא ברורות, מה שעלול ליצור תחושת אליטיזם ומתסכל את מי שמחפש פשוט סביבה חברתית<br>• אווירה בוהמיינית-אליטיסטית – על אף שהוא מתיימר לסטייל נינוח, המועדון במובן מסוים מנציח הפרדה חברתית. ישנם חברים שחשו שהמדיניות (למשל איסור חליפות בענפים מסוימים, איסור פרסום ברשתות על אירועי המועדון) לא מתאימה לכולם ושהתרבות הפנימית יכולה להיות סגורה למדי עבור ""outsiders""";המותג המוביל בעולם של מועדוני חברים פרטיים – שילוב שאין לו מתחרים של קהילה בינלאומית יצירתית, חללי אירוח ייחודיים ואווירת סודיות אופנתית. Soho House בנה במשך שנים מוניטין כמרחב שבו מפורסמים ויוצרים יכולים להתחבר באופן טבעי, דבר שהופך אותו לייחודי בנוף ה-Networקינג החברתי;"דמי חבר שנתיים (מודל מנוי): ~$2,000–$5,200 לשנה – משתנה לפי עיר וסוג חברות. למשל, בלונדון: ~£1,950 לשנה לבית מקומי, ~£4,500 לגישה לכל הבתים; בניו יורק: ~$2,850 שנתי לבית בודד או $5,200 לכל הבתים. *הנחה של 50% לחברים מתחת לגיל 27*";"(Eater, 03/08/2024);  (Eater, 03/08/2024)";גבוהה
**The Battery** (דה באטרי, סן-פרנסיסקו);עקיף;מועדון חברים פרטי – קהילת אליטת טק/אמנות;"חברי המועדון (דמי חבר שנתיים ~$2,400–$3,000; כניסה בהמלצת חבר קיים)";יזמי טכנולוגיה, משקיעי הון-סיכון, מובילי דעה ואמנים צעירים בסן-פרנסיסקו – לרוב בשנות ה-30–40 לחייהם;אליטת עמק הסיליקון ובוהמה מקומית בסן-פרנסיסקו: מייסדי סטרטאפים, בכירים בחברות טק, יוצרים ואנשי הון, המעוניינים בחיי חברה אקסקלוסיביים עם עמיתיהם מחוץ לסביבת העבודה;מועדון חברים אולטרה-יוקרתי הממוקם בבניין היסטורי בסן-פרנסיסקו – מספק חלל מפואר למפגשים חברתיים,Networking ושיתוף רעיונות עבור צמרת תעשיית הטק והתרבות, בעיצוב בוהמייני מודרני ועם תכנית אירועים אמנותית עשירה;"חברים בהזמנה בלבד: מועמדים חדשים חייבים לקבל המלצה של חבר נוכחי ולעבור ועדת קבלה, כך שרוב החברים מכירים זה את זה או בעלי מוניטין בתעשייה; מדיניות קפדנית לשמירת פרטיות – למשל איסור מוחלט על צילום או שימוש בסלולרי אחרי 6 בערב במתחם, כדי לאפשר שיח חופשי ללא דליפת מידע; צוות ושירות ברמה גבוהה שתורמים לתחושת ביטחון ואמון בין החברים (כל אורח מזוהה ומלווה)";"• קהל חברים עוצמתי – מארח את צמרת קהילת הטכנולוגיה והעסקים של סן-פרנסיסקו (יזמים, משקיעים, אמנים מפורסמים), מה שיוצר סביבה עשירה בהזדמנויות networking ובשיחות מרתקות. עבור חברים, זהו מקום לפגוש את ""מי ומי"" בתחומים שלהם באופן בלתי אמצעי על כוס קוקטייל<br>• מתחם יוקרתי ורב-שימושי – המועדון משתרע על מספר קומות עם חללים שונים: מסעדת שף, גן וברים, ספרייה, מרתף יינות, ספא וחדר כושר, ואף מלון בוטיק מצומצם בחדרים יוקרתיים. התוצאה היא חוויית ""מועדון פרטי"" מלאה – החברים יכולים לעבוד ביום, לערוך פגישות, ואחר כך להישאר לארוחת ערב או אירוע – הכל באותו מקום<br>• תוכן תרבותי פרטי – המועדון מארגן אירועים ייחודיים לחברים: השקות ספר עם סופרים ידועים, הרצאות סגורות (למשל מנכ""לים, אמנים), קונצרטים אינטימיים ומסיבות נושא. הדבר מעשיר את חיי החברים ומחזק את תחושת הקהילה והמעורבות";• דמי חבר שנתיים גבוהים – ~$2,700 לשנה (נכון ל-2018), מה שמגביל את החברות לבעלי אמצעים בלבד. בנוסף, מזון ושתייה במועדון יקרים (דווח למשל על $17 עבור פופקורן) כך שהשהות כולה דורשת נכונות להוצאה משמעותית<br>• מיקום יחיד וקהילה קטנה – הפעילות מתרכזת בסן-פרנסיסקו בלבד. אין פריסה לערים נוספות, כך שחבר המועדון נהנה רק בעיר הזו. בנוסף, מספר החברים מוגבל כדי לשמור על אקסקלוסיביות – מה שעלול להגביל מגוון חברתי וגם מקשה על מי שאינו חלק מקהילת הטק SF<br>• אופי אליטיסטי – למרות הגישה החדשנית, עבור חלק מהאנשים המועדון עשוי להיראות סנובי. הכללים (למשל איסור שימוש בטלפון אחרי שעה מסוימת) והסלקטיביות הגבוהה עלולים לגרום למי שאינו “מקושר״ להרגיש לא בנוח או מוחרג;מועדון חברים מסוג חדש המגדיר מחדש את חיי החברה של אליטת הטק – שילוב של אווירת מועדוני הג'נטלמנים המסורתיים עם קהילת חדשנות צעירה. The Battery מציע מרחב יחיד מסוגו שבו בכירי ההייטק והאמנות יכולים להתרועע בחופשיות הרחק מעיני הציבור, באווירה של מותרות לא מתנשאים – דבר שאף מועדון אחר באזור לא משיג ברמה זו;"דמי חבר שנתיים: כ-$2,700 לשנה (נכון ל-2023; $2,400 בשנים קודמות). *הצטרפות למועדון מחייבת הזמנה ע""י חבר קיים ותשלום דמי רישום חד-פעמיים (סדר גודל אלפי $).* אין מודל חינמי או חצי-חינמי – 100% בתשלום עבור חברות מלאה";"(Business Insider, 14/01/2018);  (SFGate, 14/09/2021)";גבוהה
**Chief** (צ'יף);עקיף;רשת מקצועית/קהילת מנהלות מאומתת (מועדון Networking לנשים בכירות);יחידים (חברת הנהלה משלמת דמי חברות שנתיים – לעיתים במימון המעסיק, ~70% מקבלות חסות חברה);נשים בתפקידי ניהול בכירים (VP ומעלה) בכל ענפי התעשייה;מנהלות בדרג הביניים-גבוה (לרוב בגילאי 35–55) בחברות גדולות, שרוצות נטוורקינג ותמיכה מקצועית מקבוצת שוות – במיוחד נשים שאפתניות השואפות לצמרת ונמצאות לעיתים בודדות במרחב ההנהלה הגברי;"מועדון חברוּת ארצי ויוקרתי לנשים מנהלות – מעניק מרחב פרטי, רשת עמיתות ותוכניות פיתוח מנהיגות במטרה *""להביא יותר נשים לצמרת – ולהשאיר אותן שם""*, באמצעות מפגשי פורום, מנטורינג ואירועים השראתיים";"סינון וודריפיקציה: חברות המועדון חייבות להיות לפחות בתפקיד VP בארגון או מקבילו (נבדק בתהליך המיון); מועמדות עוברות רשימת המתנה (60,000 ממתינות נכון ל-2023) ובדיקה ידנית כדי להבטיח שרק נשים בכירות ואיכותיות מצטרפות. בנוסף, רוב החברות ממומנות ע""י המעסיק, מה שמעיד על אמון ממסדי. קבוצות ""ליבה"" סגורות של ~8 חברות נפגשות בקביעות בהנחיית מאמנת מקצועית – כל השיחות חסויות, מה שיוצר מעגל אמון ותמיכה עמוקה לאורך זמן";"• קבוצת עמיתות שאין לה תחליף – Chief מפגישה נשים שנמצאות במצבים דומים בצמרת ההנהלה, מה שמאפשר שיח פתוח על אתגרים ייחודיים לנשים מובילות. החברות מרגישות ""לא לבד"" לראשונה, והפורומים הקטנים יצרו קרבה שחברות מתארות כחשובה לקריירה ולנפש<br>• תוצאות מוחשיות לקריירה – רובן המוחלט של החברות מדווחות על ערך גבוה: קפיצות בקריירה, העלאות שכר, וביטחון מוגבר. חלקן קיבלו הצעות עבודה או הצלחות (לדוגמה: משרת חלומות בלוקאספילם) בסיוע ישיר של רשת Chief. המועדון גם מספק תוכניות הדרכה וסדנאות עם מאמנים בכירים, המעצימים את כישורי המנהיגות של החברות<br>• תשתית פרימיום ואקסקלוסיבית – לחברות יש גישה ל""クラבהウס"" (Clubhouse) אופנתי בניו יורק, לוס אנג'לס, שיקגו ועוד, המשמש כחלל מפגש, עבודה ואירועים רק להן. בנוסף, Chief מארגן אירועים ייחודיים עם דוברות מובילות (מנכ""ליות, ידועניות) וספקי שירות (למשל ייעוץ, Executive Coaching) – חבילה הוליסטית של תמיכה מקצועית וחברתית שלא קיימת בשום רשת אחרת לנשים";"• עלות גבוהה והנגשה מוגבלת – דמי החבר השנתיים נעים סביב $5,000–$8,900, סכום משמעותי שלרוב ממומן רק עבור מנהלות בחברות גדולות. מנהלות בארגונים קטנים או מי שתקציבן מוגבל נותרות מחוץ למשחק<br>• צמיחה מהירה מאתגרת – עם 20,000 חברות וסטטוס יוניקורן, Chief גדלה מאוד מהר, ויש טענות שחוויית ה""בוטיק"" נפגעה. חלק מהחברות מרגישות שלא קיבלו ערך מעבר להכרות הראשונית, ומציינות שחברות נוטשות לאחר שנה-שנתיים (Chief מכחישה, אך מציגה קצב חידוש לא ידוע). שמירה על רמת שירות מותאמת אישית לכל חברת הופכת קשה יותר<br>• התמקדות צרה – Chief משרתת רק נשים בדרג מאוד בכיר. נשים צעירות יותר, או נשים בדרגי ביניים, אינן זכאיות; וכמובן גברים אינם חלק. זה מגביל את השפעתו על חוויית הבדידות באופן כללי בשוק העבודה – הוא פותר בעיה לנישה די מובחנת בלבד";המיזם החלוצי והגדול ביותר לרשת נשים מנהלות – בשונה מקבוצות Networking כלליות, Chief מספק לנשים בצמרת **מקום משלהן** עם שילוב ייחודי של מועדון פיזי, קבוצת עמיתות קטנה ותוכנית אימון מובנית. הוא ממלא חלל שארגוני נשים מסורתיים או כנסים מזדמנים לא מצליחים למלא עבור נשים בכירות, ולכן הפך לתנועה של ממש (כולל רשימת המתנה ענקית);"חברות שנתית: $5,800–$7,900 לשנה (תלוי ברמת התפקיד ובגודל החברה של החברה – למשל מנכ""לית בחברה Fortune 1000 תשלם כ-$7,900). **70% מהחברות מסובסדות ע""י המעסיק**. *אין תמחור פומבי מדויק – ההערכות מסתמכות על דיווחי חברה וכתבות. המודל הוא Membership All-Inclusive (כולל הכל)*";"(Fortune, 16/03/2023);  (Fortune, 16/03/2023)";גבוהה
**YPO** (Young Presidents’ Organization);עקיף;"רשת מנהלים מאומתת גלובלית (ארגון מנכ""לים פרטית)";"חברי הארגון (דמי כניסה + דמי חבר שנתיים ששולמו באופן פרטי; לעיתים החברה מממנת למנכ""ל)";"מנכ""לים ויו""רים מתחת לגיל 45 של חברות גדולות ובינוניות ברחבי העולם";מנהלים ראשיים צעירים (עד 45) בחברות עם הכנסות משמעותיות (למשל $15M+ בשנה) או עובדים רבים (50+), בעלי חתך פרופיל מאוד גבוה – לרוב גברים (היסטורית), אך עם יוזמות גיוון חדשות. פרוסים מכל הסקטורים ומעל 150 מדינות;"הארגון המוביל בעולם ל-Chief Executives צעירים – קהילה בינלאומית של ~38,000 מנכ""לים ומייסדים ביותר מ-150 מדינות, המחויבים לצמוח יחד כמנהיגים באמצעות שיתוף ידע, **פורומי עמיתים חסויים** וחוויות חינוך ייחודיות שאינן זמינות בשום מקום אחר";"סף קבלה מחמיר ביותר: חברות רק בהזמנה ובכפוף לעמידה בקריטריונים כמותיים – מתחת לגיל 45, בתפקיד מנכ""ל/יו""ר, עם ארגון בעל 50+ עובדים ו-$15 מיליון+ הכנסות שנתיות (או קריטריונים דומים). התהליך דורש חסות של שני חברי YPO קיימים וועדת אישור של הפרק המקומי. הפורומים הפנימיים מחויבים לסודיות מוחלטת (""What’s said in forum stays in forum""), מה שמבטיח מרחב בטוח לחלוטין לשיתוף אתגרים רגישים בין המנהלים";"• רשת Networking חסרת תקדים – גישה ישירה לקהילה של אלפי מנכ""לים מובילים מכל תחום ומדינה (ל-YPO מעל 38,000 חברים ב-150+ מדינות). כל חבר יכול בקלות לפנות לחבר YPO בעיר אחרת לקבל עזרה – מייעוץ עסקי ועד קשרים אישיים – ולרוב יקבל התגייסות מיידית<br>• פורמט ""Forum"" עוצמתי – חברי YPO משובצים בקבוצות עמיתים אינטימיות (8–10 מנהלים) שנפגשות מדי חודש לדון באתגרים אישיים ומקצועיים בכנות מוחלטת. המודל הזה, שקיים ב-YPO עשרות שנים, מוכר כאחד הכלים היעילים בעולם לפיתוח מנהלים (הרבה ארגונים אחרים אימצו אותו) – הוא בונה אמון עמוק, פרספקטיבה רחבה ותמיכת עמיתים אמיתית לאורך שנים<br>• למידה וחוויות ברמה עולמית – YPO מארגן כנסים, סמינרים וטראקים אקסקלוסיביים עם גדולי המנהיגים והוגי הדעות (ממפגשים עם נשיאים ועד מסעות אנטארקטיקה). בנוסף, לבני/בנות הזוג ולילדי החברים יש רשת YPO משלהם (YPO Spouse/Next Gen) – מעטפת שתומכת בכלל חיי המנכ""ל, לא רק בעסקים";"• עלות כספית וזמן כבדה – מצריך השקעה ראשונית ~$10,000 כדמי הצטרפות ועוד כ-$4,000–$5,000 דמי חבר שנתיים (בתוספת הוצאות נסיעה לאירועים בינ""ל). לא כל מנכ""ל, במיוחד צעיר או בסטארט-אפ קטן, יכול או רוצה להוציא סכומים כאלה על נטוורקינג. גם נדרש זמן משמעותי להשתתף בפורומים, כנסים ותפקידי הנהגה בארגון – לא טריוויאלי למנכ""ל עסוק מאוד<br>• בלעדי עד כדי מְנַצֵּר – הדרישות הנוקשות (גיל, גודל חברה) מדירות מנהלים מוצלחים רבים (למשל יזם בן 50 או מנכ""ל חברת בוטיק לא יכול להצטרף). תנאי החברות הקיימים משמרים הטייה – למשל רוב החברים עדיין גברים לבנים בצפון אמריקה, וחרף מאמצי D&I עדיין יש הרגשה של ""מועדון סגור"" עבור אוכלוסיות מסוימות<br>• תהליך קבלה ופרוצדורה מורכבים – המועמד נדרש למצוא 2 ספונסרים מתוך חברי YPO ולעבור כמה רמות אישורים; פרק חדש לעיתים דורש כמות מינימלית של חברים באזור. יש גם מקומות (פרקים) שבהם מכסת החברים מוגבלת – כל אלו יכולים להרתיע ולגרום למנהלים לוותר, גם אם היו מתאימים";"**הרשת הגלובלית היחידה בקנה המידה הזה** – YPO מספק למנכ""לים זירה שלא קיימת בשום מקום אחר, שבה הם יכולים לדבר בגילוי לב על אתגרים אישיים ביותר עם עמיתים שחוו אותו דבר, בלי לחשוש (כי כולם מחויבים לאמון וסודיות). בשום ארגון עסקי אחר לא תמצא שילוב כזה של אמון, אחוות עמיתים חוצת מדינות ומשאבים לחיזוק המנהיגות האישית – זהו ""מעגל המלכים"" של עולם העסקים";"דמי כניסה חד-פעמיים: ~$10,000; דמי חברות שנתיים: ~$4,000–$5,000 (משתנה לפי פרק ומדינה). בנוסף, חבר משלם דמי פרק מקומיים (כמה מאות $ לשנה) ועלויות עבור אירועים שאליהם מצטרף. *לא פומבי – התעריפים המדויקים נמסרים ישירות במידע למועמדים; הערכות מבוססות על דיווחי חברים*";"(LongAngle, 21/06/2023);  (YPO LinkedIn/About, 2025)";גבוהה
**Pivt** (פיבוט);**ישיר**;פתרון חברתי לעובדים ברילוקיישן (אפליקציית רשת פנים-ארגונית);מעסיקים (רוכשים כמוצר רווחה/מעבר עבור עובדיהם);"עובדים ברילוקיישן (ומשפחותיהם) המקבלים גישה ע""י המעסיק; וכן עובדים מרוחקים/מטיילים בתדירות גבוהה (תלוי מדיניות החברה)";חברות גדולות עם תוכניות רילוקיישן גלובליות – בעיקר בענפי ההייטק, ייעוץ, פיננסים. העובדים המשתמשים: לרוב מקצוענים צעירים-בינוניים (25–40) שעברו לעיר/מדינה חדשה מטעם העבודה ומרגישים צורך ברשת חברתית מקומית שתבין אותם;"אפליקציה חברתית ראשונה מסוגה שנועדה **לשפר את איכות החיים ואת אחוזי ההישארות** של עובדים ברילוקיישן – מאפשרת להם להתחבר עוד לפני המעבר וגם לאחריו עם עמיתים אחרים שעברו/עוברים לאותו אזור ועם מקומיים מומחים, כך ש""אף אחד לא ירגיש לבד במקום שהוא קורא לו בית""";"רשת סגורה בחסות המעסיק: רק עובדים מוזמנים יכולים להצטרף (באמצעות קוד חברה), מה שמבטיח שכל המשתמשים אמיתיים ומזוהים כעובדי חברות ידועות – משרה אמון מיידי בקהילה; בנוסף, הפלטפורמה כוללת ""מומחי קהילה"" מקומיים (למשל שותפי רילוקיישן) שעונים על שאלות ונותנים המלצות אמינות על היעד; ההתכתבויות מתקיימות בסביבה פרטית המוגנת במדיניות ה-IT הארגונית";"• ממוקדת בדיוק בבעיה – פלטפורמה שתוכננה במיוחד להתמודד עם תחושת הבדידות והניתוק של עובדים ומשפחות ברילוקיישן. העובד יכול להתחבר בקהילה עוד **לפני** ההגעה ליעד, לשאול שאלות, להכיר עובדים אחרים שגם עוברים, ולקבל ""קבלת פנים"" חברתית שמחכה לו – מה שמפחית חרדה ומגביר ביטחון<br>• נתמכת ע""י החברה – העובד יודע שהמעסיק סיפק את הכלי כחלק מחבילת המעבר, ולכן נוטה לבטוח בו ולהשתמש (אין חשש מחשיפת מידע למישהו מחוץ לארגון). שיעורי האימוץ גבוהים יותר כי HR מעודד את העובדים להצטרף, והמנהלים עצמם לפעמים פעילים שם לתמיכה. המעסיק גם יכול לנטר מגמות (בצורה אנונימית) ולהבין טוב יותר מה מטריד עוברים<br>• שילוב של תמיכת עמיתים ומומחים – העובד יכול גם למצוא בני-גיל במצב דומה (למשל עובדים מחברות אחרות שעברו לעיר) ולארגן מפגשים דרכם, וגם לקבל תשובות ממומחים מקומיים על דברים כמו שכונות מומלצות, בתי ספר, תרבות וכד'. השילוב הזה נותן מענה גם רגשי וגם פרקטי, במסגרת פלטפורמה אחת";"• דורש מעורבות מצד המעסיק – רק חברות שרוכשות ומשיקות את Pivt מאפשרות לעובדיהן גישה. אם החברה לא מספקת את הכלי, העובד ברילוקיישן יצטרך להסתמך על אמצעים כלליים (ואין אפשרות להצטרף עצמאית). המשמעות: כיסוי המשתמשים מוגבל לחברות ששוכנעו להשקיע בזה<br>• אפקט רשת מוגבל מקומית – כסטארט-אפ חדש, ייתכן שבאזורים מסוימים מספר המשתמשים עדיין קטן. עובד שעבר לעיר קטנה או ליחידה שבה אין עוד עמיתים רבים ברדיוס, יכול לגלות שאין שם מסה קריטית בקהילת Pivt המקומית, והחוויה תהיה פחות פעילה<br>• עוד אפליקציה לתחזק – לא כל העובדים ייטו לשתף וליזום בפלטפורמה ייעודית. חלק עלולים להרגיש אי-נוחות ""להיחשף"" חברתית במקום שהמעסיק סיפק, או פשוט להיות עסוקים מכדי להקדיש זמן. ללא השתתפות אקטיבית, הערך עבורם פוחת. האתגר הוא לשמר מעורבות לאורך זמן, אחרי התלהבות ההשקה הראשונית";"הפתרון היחיד המותאם במדויק לעובדים על בסיס מקום העבודה – בניגוד לאפליקציות פתוחות לצרכן, Pivt יוצרת **רשת חברתית עם ""חותמת אמון"" של המעסיק**. העובד יודע שכל מי שהוא פוגש שם עבר חוויה מקצועית דומה ומגיע מסביבה אמינה, והמפגשים מתקיימים לעיתים קרובות גם עם עמיתים בחברה או בחברות דומות. זהו שילוב ייחודי של ביטחון מוסדי עם מיקוד חברתי שלא קיים בשוק האפליקציות הצרכניות";Not public (מודל B2B: החברה משלמת על רישיון/מנוי עבור עובדיה – מחיר מדויק לא פורסם פומבית. סביר לפי תחום ה-EAP/wellness: עלות של כמה דולרים לחודש לכל עובד מורשה. **אין תמחור לצרכן פרטי**). Evidence: באתר Pivt ובקומוניקט הרשמי אין מחיר נקוב – מצוין שמציעים דמו לחברות ומתאימים פתרון לפי גודלן;"(PRWeb/NYC Navigator, 17/03/2022);  (PRWeb, 17/03/2022)";גבוהה
**תוכניות פנים-ארגוניות** (Buddy Program, ERGs וכד');עקיף;תחליפי רילוקיישן בתוך החברה (חונכות, קבוצות עובדים, אירועי חברה);המעסיק (משקיע משאבי HR וזמן עובדים – ללא עלות רישוי חיצונית);"עובדים חדשים או עובדים שעברו תפקיד/מיקום בתוך הארגון; כלל העובדים המשתתפים בקבוצות עניין ויוזמות חברה";"כל ארגון בינוני-גדול עם תוכניות קליטה ושימור: פלח יעד כולל מצטרפים טריים (בשנה ראשונה) הזכאים ל""באדי"" מלווה, עובדים בודדים בצוות חדש, עובדים מרילוקיישן פנימי, וכן קבוצות עובדים בעלי מכנה משותף (למשל צעירים, הורים, תחביב ספורט, תרבות/שפה משותפת)";"יוזמות חברתיות שמופעלות בתוך החברה כדי להגביר שייכות: הצמדת **""באדי""** (עמית ותיק) לכל עובד חדש כדי להדריך חברתית בחודשים הראשונים; הקמת **ERGs (קבוצות עובדים)** לפי עניין/רקע – למשל מועדון רילוקיישן, קבוצת יוצאי מדינה, מועדון ספורט – בהובלת עובדים למפגשים ואינטראקציות; וכן אירועי חברה, Happy Hours ותכניות מנטורינג פנימיות. המטרה היא לייצר לעובד רשת חברתית בתוך מקום העבודה עצמו";אמון מושתת על סביבת העבודה: העובד החדש מתקשר עם עמית שהארגון בחר כבדי (לרוב עובד בעל ותק וגישת שירות) – כבר יש אמון בסיסי כי הבּאדי הוא פנים מוכרות בחברה ומחוייב לתרבות הארגונית. קבוצות עובדים פנימיות פועלות תחת קוד התנהגות החברה והנחיית HR (אם משהו חורג – HR מתערב), ולכן העובדים מרגישים מוגנים יחסית. העובדה שכל המשתתפים הם עובדי אותה חברה יוצרת **מחויבות הדדית ונורמות משותפות** שלא קיימות בחוץ;"• ללא עלות נוספת ו""מיידי"" – המעסיק לא צריך לרכוש תוכנה או שירות – מנצל משאבים קיימים. עובד חדש מקבל באדי כבר מיום הראשון (שמקבל משימות במסגרת תפקידו), מה שיוצר תמיכה ראשונית ללא עיכוב. אין חסם טכנולוגי או צורך לשכנע את העובד להצטרף לפלטפורמה – זה חלק אינטגרלי מהקליטה<br>• היכרות מתוך הקשר – הבאדי והעמיתים מכירים את החברה, השפה הפנימית והתרבות, ולכן העצות והסיוע שלהם מאוד רלוונטיים. עובדים חדשים עם באדי דיווחו על השתלבות מהירה יותר ותחושת ביטחון גבוהה – מחקרים מראים שחברות עם תוכנית Buddy מגדילות את שימור העובדים החדשים בכ-50% וגם התפוקה ההתחלתית גבוהה יותר<br>• חיזוק התרבות והמעורבות – ERGs ואירועים פנימיים יוצרים תחושת קהילה במקום העבודה עצמו, מה שמגביר מחוברות (Engagement) לעבודה. עובדים שמעורבים חברתית בחברה נוטים להיות שבעי רצון ונאמנים יותר. התוכניות הללו גם **גמישות** – החברה מעצבת אותן בדיוק לצרכיה (למשל קבוצת ""ניידעים גלובליים"" שתפגוש רילוקיישן בהגעה)";"• מוגבל לפנים הארגון – העובד מכיר דרך זה רק אנשים מהחברה. אם עבר לעיר חדשה ואין הרבה עמיתים בגילו/במצבו, התוכנית לא בהכרח תעזור לו למצוא חברים מחוץ לעבודה (חיי החברה שלו יישארו תלויים בקולגות). בנוסף, אם תרבות החברה היא שכולם כבר עסוקים במשפחות וחיים פרטיים, גם באדי טוב לא יפתור בדידות בערבים/סופי שבוע<br>• תלוי בוולונטריות ובזמן של עובדים – באדי הוא עובד בעל מטלות משלו, ולא תמיד יכול להשקיע הרבה מעבר לחניכה בסיסית בעבודה. יש מקרים שבאדי נפגש עם החדש פעם-פעמיים וזהו. גם ERGs מופעלים ע""י מתנדבים – קבוצות לא פעם דועכות כי לעובדים אין זמן לתחזק פעילות חברתית בהתנדבות לצד עבודתם<br>• אחידות לא מובטחת – בחברה אחת באדי X יהיה נהדר וחברותי ויכיר לעובד חדש המון אנשים, ובצוות אחר באדי Y רק יעבור על הרשימת Checklists. בלי מומחיות חיצונית, הרבה תלוי באופי האישי של המשתתפים. יש גם עובדים (במיוחד בכירים) שמרגישים מוזר או ""מאולץ"" להשתתף בתוכניות כאלה, חלקם מדלגים עליהן – כך שהתועלת אינה אחידה לכל";מאפשר יצירת רשת תמיכה **מבפנים** – בניגוד לכל פתרון חיצוני, פה הקשרים נוצרים כחלק מתרבות הארגון. העובד בונה חברויות וקשרים בתוך העבודה עצמה, מה שמשלב בין התמיכה האישית לבין ההקשר המקצועי. התוצאה היא שהעובד מרגיש מחובר לא רק לעיר החדשה אלא גם לארגון – פתרון שבאופן אידיאלי מגדיל שביעות רצון ותפוקה, ללא תלות בגורם חיצוני;ללא עלות ישירה (ממומן מזמני עבודה ומשאבי HR פנימיים). **לא פומבי**: (אין מחיר למנוי – יוזמות כמו באדי ו-ERG הן חלק מתוכנית ה-HR של החברה. העלות העקיפה היא שעות עבודה של החונכים והמתנדבים + תקציב אירועים פנימי. למשל, חברות גדולות משקיעות בממוצע ~$200–$500 לעובד חדש על פעילויות קליטה ופיתוח קשרים פנימיים, אך נתון זה אינו אחיד או ציבורי);"(Chronus Blog – נתוני Click\u00a0Boarding/HBR, 27/06/2025);  (HR Dive/McLean & Co, 25/08/2022)";בינונית
